{
  "method": "Alpha-exponent model comparison for chirality witness",
  "branch_metadata": {
    "causal_wave_branch": "matter",
    "branch_rationale": "H3c witnesses repository default fallback",
    "schema": "worldformula/branch_metadata/v1"
  },
  "ladder_N": [
    50.0,
    64.0,
    72.0,
    84.0,
    100.0,
    128.0,
    200.0,
    300.0
  ],
  "D_values": [
    0.0518861352624691,
    0.051598713663748796,
    0.04856812459089166,
    0.031970500759423204,
    0.04865172218633307,
    0.03818259861935458,
    0.03395787578482512,
    0.026352695519743174
  ],
  "sigma": [
    0.0019611115770964615,
    0.002106508664335982,
    0.001982785383526743,
    0.001305190228030816,
    0.0019861982410693275,
    0.00220447335912438,
    0.0024011844242140296,
    0.001521473585219597
  ],
  "models": {
    "M1": "alpha = 2/3 (theory-fixed)",
    "M2": "alpha free (single-parameter)",
    "M3": "alpha = 1 (linear)",
    "M4": "alpha = 2 (quadratic)",
    "M5": "Symanzik-2 (D = a + b/N + c/N^2, alpha-free)"
  },
  "fits": {
    "M1_alpha_2_over_3": {
      "alpha": 0.6666666666666666,
      "log_c": -0.151471916215821,
      "n_params": 1,
      "neg_log_likelihood": 52.81715651526079,
      "AICc": 108.30097969718825,
      "BIC": 107.71375457220142,
      "predictions": [
        0.06332422933478388,
        0.05371512614488544,
        0.04965865108763047,
        0.044808842486289156,
        0.0398917647536323,
        0.03383840906384979,
        0.025130237065277866,
        0.019177960191576814
      ],
      "LOO_log_lik": -112.89741068532584,
      "delta_AICc": 92.00132863059899
    },
    "M2_alpha_free": {
      "alpha": 0.33758554283966413,
      "log_c": -1.6915638203291088,
      "n_params": 2,
      "neg_log_likelihood": 4.949825533294631,
      "AICc": 16.299651066589263,
      "BIC": 14.058534149948933,
      "predictions": [
        0.04918304984355523,
        0.04525045183275593,
        0.04348651131609603,
        0.04128138881544634,
        0.038921725137240536,
        0.03580960623980607,
        0.030801275896423685,
        0.026861041237653344
      ],
      "LOO_log_lik": -43.76489224242311,
      "delta_AICc": 0.0
    },
    "M3_alpha_1": {
      "alpha": 1.0,
      "log_c": 1.4085202281760205,
      "n_params": 1,
      "neg_log_likelihood": 243.66382965868752,
      "AICc": 489.9943259840417,
      "BIC": 489.4071008590549,
      "predictions": [
        0.08179797613936034,
        0.06390466885887527,
        0.05680415009677801,
        0.04868927151152402,
        0.04089898806968015,
        0.03195233442943764,
        0.02044949403484009,
        0.013632996023226724
      ],
      "LOO_log_lik": -389.6920173259183,
      "delta_AICc": 473.69467491745246
    },
    "M4_alpha_2": {
      "alpha": 2.0,
      "log_c": 6.088496661351545,
      "n_params": 1,
      "neg_log_likelihood": 2925.9274913409226,
      "AICc": 5854.521649348512,
      "BIC": 5853.934424223525,
      "predictions": [
        0.17630332153625855,
        0.10760700777359536,
        0.0850228209569148,
        0.06246574600916192,
        0.04407583038406459,
        0.026901751943398836,
        0.011018957596016165,
        0.0048973144871182935
      ],
      "LOO_log_lik": -4484.443590222417,
      "delta_AICc": 5838.221998281923
    },
    "M5_symanzik_2": {
      "a": 0.022971396446550326,
      "b": 1.5596549788504206,
      "c": -3.848608865477035,
      "n_params": 3,
      "neg_log_likelihood": 3.623187393564079,
      "AICc": 19.246374787128158,
      "BIC": 13.484699412167664,
      "asymptote": 0.022971396446550326,
      "predictions": [
        0.05262505247736792,
        0.04640140371729004,
        0.04389086975128668,
        0.04099327985895938,
        0.038183085348506826,
        0.034921300525369715,
        0.030673456119165506,
        0.028127484055324205
      ],
      "LOO_log_lik": -90.13416198227674,
      "delta_AICc": 2.9467237205388948
    }
  },
  "AICc_best_model": "M2_alpha_free"
}
